,precision,recall,f1-score,support
Normal,0.0,0.0,0.0,31.0
OSCC,0.7459016393442623,0.9578947368421052,0.8387096774193549,95.0
accuracy,0.7222222222222222,0.7222222222222222,0.7222222222222222,0.7222222222222222
macro avg,0.3729508196721312,0.4789473684210526,0.41935483870967744,126.0
weighted avg,0.5623861566484517,0.7222222222222222,0.6323604710701486,126.0
